fraud_type,cases,total_value,avg_value
CARD_NOT_PRESENT,374,1227721.11,3282.6767647058828
ACCOUNT_TAKEOVER,362,720936.64,1991.5376795580112
PHISHING,346,708795.79,2048.54274566474
IDENTITY_THEFT,334,1307344.59,3914.2053592814373
MULE_ACCOUNT,334,1007461.4,3016.351497005988
