month,total_txns,fraud_count,fraud_value,fraud_rate
2024-01,4161,147,419076.81000000006,3.533
2024-02,4089,145,190520.8,3.546
2024-03,4151,132,786200.82,3.18
2024-04,4003,128,126308.14,3.198
2024-05,4195,136,180633.22999999998,3.242
2024-06,4118,148,170739.55000000002,3.594
2024-07,4123,139,152095.7,3.371
2024-08,4259,152,604241.93,3.569
2024-09,4130,146,532809.2100000001,3.535
2024-10,4247,152,485008.73,3.579
2024-11,4039,147,178155.99,3.64
2024-12,3986,160,1132781.78,4.014
